CRASH_RECORD_ID,CRASH_DATE_EST_I,CRASH_DATE,POSTED_SPEED_LIMIT,TRAFFIC_CONTROL_DEVICE,DEVICE_CONDITION,WEATHER_CONDITION,LIGHTING_CONDITION,FIRST_CRASH_TYPE,TRAFFICWAY_TYPE,LANE_CNT,ALIGNMENT,ROADWAY_SURFACE_COND,ROAD_DEFECT,REPORT_TYPE,CRASH_TYPE,INTERSECTION_RELATED_I,NOT_RIGHT_OF_WAY_I,HIT_AND_RUN_I,DAMAGE,DATE_POLICE_NOTIFIED,PRIM_CONTRIBUTORY_CAUSE,SEC_CONTRIBUTORY_CAUSE,STREET_NO,STREET_DIRECTION,STREET_NAME,BEAT_OF_OCCURRENCE,PHOTOS_TAKEN_I,STATEMENTS_TAKEN_I,DOORING_I,WORK_ZONE_I,WORK_ZONE_TYPE,WORKERS_PRESENT_I,NUM_UNITS,MOST_SEVERE_INJURY,INJURIES_TOTAL,INJURIES_FATAL,INJURIES_INCAPACITATING,INJURIES_NON_INCAPACITATING,INJURIES_REPORTED_NOT_EVIDENT,INJURIES_NO_INDICATION,INJURIES_UNKNOWN,CRASH_HOUR,CRASH_DAY_OF_WEEK,CRASH_MONTH,LATITUDE,LONGITUDE,LOCATION
6c1659069e9c6285a650e70d6f9b574ed5f64c12888479093dfeef179c0344ec6d2057eae224b5c0d5dfc278c0a237f8c22543f07fdef2e4a95a3849871c9345,,8/18/23 12:50,15,OTHER,FUNCTIONING PROPERLY,CLEAR,DAYLIGHT,REAR END,OTHER,,STRAIGHT AND LEVEL,DRY,NO DEFECTS,ON SCENE,INJURY AND / OR TOW DUE TO CRASH,,,,"OVER $1,500",8/18/23 12:55,FOLLOWING TOO CLOSELY,DISTRACTION - FROM INSIDE VEHICLE,700,W,OHARE ST,1654,,,,,,,2,NONINCAPACITATING INJURY,1,0,0,1,0,1,0,12,6,8,,,
5f54a59fcb087b12ae5b1acff96a3caf4f2d37e79f8db4106558b34b8a6d2b81af02cf91b576ecd7ced08ffd10fcfd940a84f7613125b89d33636e6075064e22,,7/29/23 14:45,30,TRAFFIC SIGNAL,FUNCTIONING PROPERLY,CLEAR,DAYLIGHT,PARKED MOTOR VEHICLE,DIVIDED - W/MEDIAN (NOT RAISED),,STRAIGHT AND LEVEL,DRY,NO DEFECTS,ON SCENE,NO INJURY / DRIVE AWAY,,,Y,"OVER $1,500",7/29/23 14:45,FAILING TO REDUCE SPEED TO AVOID CRASH,"OPERATING VEHICLE IN ERRATIC, RECKLESS, CARELESS, NEGLIGENT OR AGGRESSIVE MANNER",2101,S,ASHLAND AVE,1235,,,,,,,4,NO INDICATION OF INJURY,0,0,0,0,0,1,0,14,7,7,41.85412026,-87.66590234,POINT (-87.665902342962 41.854120262952)
61fcb8c1eb522a6469b460e2134df3d15f82e81fd93e9cafd3dc7e631b9e1ba8b450a63af12bd90d1d2d9b127ea287f88d32e138a4eeba17799f536c08048934,,8/18/23 17:58,30,NO CONTROLS,NO CONTROLS,CLEAR,DAYLIGHT,PEDALCYCLIST,NOT DIVIDED,,STRAIGHT AND LEVEL,DRY,NO DEFECTS,ON SCENE,INJURY AND / OR TOW DUE TO CRASH,,,,"$501 - $1,500",8/18/23 18:01,FAILING TO REDUCE SPEED TO AVOID CRASH,UNABLE TO DETERMINE,3422,N,LONG AVE,1633,,,,,,,2,NONINCAPACITATING INJURY,1,0,0,1,0,1,0,17,6,8,41.94297575,-87.7618835,POINT (-87.761883496974 41.942975745006)
004cd14d0303a9163aad69a2d7f341b7da2a8572b2ab3378594bfae8ac53dcb604dd8d414f93c290b55862f9f2517ad32e6209cbc8034c2e26eb3c2bc9724390,,11/26/19 8:38,25,NO CONTROLS,NO CONTROLS,CLEAR,DAYLIGHT,PEDESTRIAN,ONE-WAY,,CURVE ON GRADE,DRY,NO DEFECTS,ON SCENE,INJURY AND / OR TOW DUE TO CRASH,,,,"OVER $1,500",11/26/19 8:38,UNABLE TO DETERMINE,NOT APPLICABLE,5,W,TERMINAL ST,1655,Y,Y,,,,,2,FATAL,1,1,0,0,0,1,0,8,3,11,,,
a1d5f0ea90897745365a4cbb06cc60329a120d89753fac2b02d69c9685d9cf7c763870a60abd01484a39ed1e6c09b1ba59f38214c03a83cccde1247f794e0287,,8/18/23 10:45,20,NO CONTROLS,NO CONTROLS,CLEAR,DAYLIGHT,FIXED OBJECT,OTHER,,STRAIGHT AND LEVEL,DRY,NO DEFECTS,ON SCENE,NO INJURY / DRIVE AWAY,,,,"OVER $1,500",8/18/23 10:48,FOLLOWING TOO CLOSELY,DRIVING SKILLS/KNOWLEDGE/EXPERIENCE,3,W,TERMINAL ST,1653,,,,,,,1,NO INDICATION OF INJURY,0,0,0,0,0,1,0,10,6,8,,,
b236c77d59e32b7b469a6e2f17f438b7457e1bd8bc689b14cb4f5b1590cbe784f2b9e554b41925797251cbd3e93a3f4a131d1923b327673d441ae79c052f79c2,,7/29/23 13:00,30,TRAFFIC SIGNAL,FUNCTIONING PROPERLY,CLEAR,DAYLIGHT,TURNING,NOT DIVIDED,,STRAIGHT AND LEVEL,UNKNOWN,UNKNOWN,NOT ON SCENE (DESK REPORT),NO INJURY / DRIVE AWAY,Y,,,"$501 - $1,500",7/29/23 13:46,UNABLE TO DETERMINE,UNABLE TO DETERMINE,1732,N,LA SALLE DR,1814,,,,,,,2,NO INDICATION OF INJURY,0,0,0,0,0,3,0,13,7,7,,,
35156ce97cab22747495e92e8bbb16c57e0e60dc3ce6d1f1852f2f7cece07c7ae825b073b286b1da52dfa58082ff6d763ecf1f13f06a223c7aed2b6c1e8c5972,,2/6/23 17:30,30,NO CONTROLS,NO CONTROLS,CLEAR,"DARKNESS, LIGHTED ROAD",REAR END,ONE-WAY,,"CURVE, LEVEL",DRY,NO DEFECTS,ON SCENE,NO INJURY / DRIVE AWAY,,,,"$501 - $1,500",2/6/23 17:35,UNABLE TO DETERMINE,UNABLE TO DETERMINE,2,W,TERMINAL ST,1652,,,,,,,2,NO INDICATION OF INJURY,0,0,0,0,0,2,0,17,2,2,,,
0e208d23344f0d1b3a9fcd4bb07676a750ddb73c397b5c398a33743fd0d49b8ce737c7740b1a77cdaebd61e8e79bddb284452d744b16668f9777f256eec28ff5,,8/13/23 13:30,35,NO CONTROLS,FUNCTIONING PROPERLY,CLEAR,DAYLIGHT,ANGLE,OTHER,,STRAIGHT AND LEVEL,DRY,NO DEFECTS,NOT ON SCENE (DESK REPORT),NO INJURY / DRIVE AWAY,,,,"OVER $1,500",8/13/23 19:40,IMPROPER BACKING,UNABLE TO DETERMINE,9000,S,PROSPECT AVE,2221,,,,,,,2,NO INDICATION OF INJURY,0,0,0,0,0,2,0,13,1,8,,,
14386daec6219c6032b71612b28f0e4cd38e2898f39aae84deeb4efaf165253548cb27cb90088b2d4f9d3e484aa1e7f5076969da4d3b8137a43a3dc94536ac19,,8/13/23 0:11,30,TRAFFIC SIGNAL,FUNCTIONING PROPERLY,CLEAR,"DARKNESS, LIGHTED ROAD",TURNING,FOUR WAY,,STRAIGHT AND LEVEL,DRY,NO DEFECTS,ON SCENE,NO INJURY / DRIVE AWAY,Y,,,"OVER $1,500",8/13/23 0:11,IMPROPER TURNING/NO SIGNAL,UNABLE TO DETERMINE,5900,S,WENTWORTH AVE,232,,,,,,,2,NO INDICATION OF INJURY,0,0,0,0,0,2,0,0,1,8,,,
359bf9f5872d646bb63576e55b1e0b480dc93c2b935ab571dc26ddb48b7a328fbfe130ae70bbff9f03787041b6fb029ba02529da9a1f57494e385ec0e13ed834,,1/31/22 19:45,25,NO CONTROLS,NO CONTROLS,CLEAR,DARKNESS,REAR END,ONE-WAY,,STRAIGHT AND LEVEL,DRY,NO DEFECTS,NOT ON SCENE (DESK REPORT),NO INJURY / DRIVE AWAY,,,Y,"$501 - $1,500",1/31/22 19:58,NOT APPLICABLE,NOT APPLICABLE,4546,W,GLADYS AVE,1131,,,,,,,2,NO INDICATION OF INJURY,0,0,0,0,0,5,0,19,2,1,,,
36360857c079418cba1b1d70cf653595bbfb4566de8fcb4fff284d6ec2ef9eee82b949759fd83f4ba3df857fed548f769780b036df6ada65aa935b6c669cec53,Y,1/1/22 16:32,10,NO CONTROLS,NO CONTROLS,SNOW,"DARKNESS, LIGHTED ROAD",ANGLE,PARKING LOT,,STRAIGHT AND LEVEL,SNOW OR SLUSH,NO DEFECTS,ON SCENE,NO INJURY / DRIVE AWAY,,,,"$501 - $1,500",1/1/22 16:32,WEATHER,NOT APPLICABLE,1,W,PARKING LOT E ST,1654,,,,,,,2,NO INDICATION OF INJURY,0,0,0,0,0,2,0,16,7,1,,,
9e405b05680e0cb67ca12f910d982fcba7937ee61c83631be36aa957d8ec704314634492213decd6989adb7c5e8a4a5d27d33dee0a5c3ac6882fbc9412825989,,9/20/23 11:00,25,NO CONTROLS,NO CONTROLS,CLEAR,DAYLIGHT,SIDESWIPE SAME DIRECTION,PARKING LOT,,STRAIGHT AND LEVEL,DRY,NO DEFECTS,NOT ON SCENE (DESK REPORT),NO INJURY / DRIVE AWAY,,,,"$501 - $1,500",9/20/23 11:20,IMPROPER OVERTAKING/PASSING,UNABLE TO DETERMINE,10255,W,BALMORAL AVE,1654,,,,,,,2,NO INDICATION OF INJURY,0,0,0,0,0,2,0,11,4,9,,,
2cb686b41c122f94972f317da3d0f8e41bb56ee4b521f6fe7f1602906d24a8cda11b76a3e32a88f91863447ceeb64c79eaf644dbe6cc85d994c28bfe61da488d,,10/9/23 7:15,15,NO CONTROLS,NO CONTROLS,CLEAR,DAYLIGHT,SIDESWIPE SAME DIRECTION,OTHER,,STRAIGHT AND LEVEL,DRY,NO DEFECTS,ON SCENE,NO INJURY / DRIVE AWAY,,,,"OVER $1,500",10/9/23 7:20,UNABLE TO DETERMINE,NOT APPLICABLE,1,W,TERMINAL ST,1651,,,,,,,2,NO INDICATION OF INJURY,0,0,0,0,0,2,0,7,2,10,,,
fd05285e9d273fe20cbbebf84794045828a2ba589073b6c92a05f7656d6a31172e5e79847caf4c04f3bebf91ed7f2cab1a871cf53690f71f3d940f839a1c8fc4,,7/29/23 14:30,10,NO CONTROLS,NO CONTROLS,UNKNOWN,UNKNOWN,ANGLE,PARKING LOT,,STRAIGHT AND LEVEL,UNKNOWN,UNKNOWN,NOT ON SCENE (DESK REPORT),NO INJURY / DRIVE AWAY,,,Y,"$501 - $1,500",8/3/23 13:55,UNABLE TO DETERMINE,NOT APPLICABLE,1320,E,47TH ST,222,,,,,,,2,NO INDICATION OF INJURY,0,0,0,0,0,2,0,14,7,7,41.80978115,-87.59421281,POINT (-87.594212812011 41.809781151018)
fda2491d33ac819033f4aaa7ed901120f2f6785b7e5bbbbf99eb6d56847d5de207d7697261a182f12a2a47fbeb3fbaa5c3c767d3ac099675e65e09f345b7e7f4,,7/29/23 0:50,30,TRAFFIC SIGNAL,FUNCTIONING PROPERLY,CLEAR,DARKNESS,SIDESWIPE OPPOSITE DIRECTION,NOT DIVIDED,,STRAIGHT AND LEVEL,UNKNOWN,UNKNOWN,,NO INJURY / DRIVE AWAY,,,Y,"OVER $1,500",7/29/23 19:00,UNABLE TO DETERMINE,NOT APPLICABLE,999,N,CALIFORNIA AVE,1211,,,,,,,2,NO INDICATION OF INJURY,0,0,0,0,0,2,0,0,7,7,41.8992246,-87.69664238,POINT (-87.696642374961 41.899224596015)
436cf5c475779879e882928e0576f67481478de079b3216266c8c9fa019c319868b30d97ec6394d28de860b92e2d5d1d51e89fd74b936e85f5e2d06330c84953,,9/20/23 12:35,20,NO CONTROLS,NO CONTROLS,CLEAR,DAYLIGHT,REAR END,ONE-WAY,,STRAIGHT AND LEVEL,DRY,NO DEFECTS,ON SCENE,NO INJURY / DRIVE AWAY,,,,"$501 - $1,500",9/20/23 12:35,UNABLE TO DETERMINE,UNABLE TO DETERMINE,2,W,TERMINAL ST,1652,,,,,,,2,NO INDICATION OF INJURY,0,0,0,0,0,2,0,12,4,9,,,
21fc8875b67ba81192688efdf1fb8112cfd24fe64e0a98cb050fefa03201fd67810d684e63fc98fc48d5db668fd3b7c89bada3046d7077949fbbb0924e9fc458,Y,9/20/23 16:45,20,NO CONTROLS,NO CONTROLS,CLEAR,DAYLIGHT,SIDESWIPE OPPOSITE DIRECTION,ONE-WAY,,STRAIGHT AND LEVEL,DRY,NO DEFECTS,ON SCENE,NO INJURY / DRIVE AWAY,,,Y,"OVER $1,500",9/20/23 16:55,UNABLE TO DETERMINE,NOT APPLICABLE,5,W,TERMINAL ST,1655,,,,,,,2,NO INDICATION OF INJURY,0,0,0,0,0,2,0,16,4,9,,,
8e0113a690bbc2a3b0c6633cb8bca29168769713814a8724094dbcfcf86e4cd56cb2bff9197069c6e6d650d40a06a3b49435986cd9cea109c148ae9053c88350,,9/20/23 21:15,10,STOP SIGN/FLASHER,FUNCTIONING PROPERLY,CLEAR,"DARKNESS, LIGHTED ROAD",TURNING,PARKING LOT,,"CURVE, LEVEL",DRY,NO DEFECTS,ON SCENE,NO INJURY / DRIVE AWAY,,Y,,"OVER $1,500",9/20/23 21:30,DRIVING SKILLS/KNOWLEDGE/EXPERIENCE,DRIVING SKILLS/KNOWLEDGE/EXPERIENCE,1,W,PARKING LOT E ST,1654,,,,,,,2,NO INDICATION OF INJURY,0,0,0,0,0,2,0,21,4,9,,,
37a215843a67b9d2118972242e0ab68232583ffe20401f100ee4de7b8087481f8094ebd7ad6468417477c1b82dec3081b52b429cad17b9954f1ac390e4b5d705,,10/18/20 15:58,35,NO CONTROLS,NO CONTROLS,RAIN,DAYLIGHT,FIXED OBJECT,DIVIDED - W/MEDIAN BARRIER,,"CURVE, LEVEL",WET,NO DEFECTS,ON SCENE,INJURY AND / OR TOW DUE TO CRASH,,,,"OVER $1,500",10/18/20 16:22,WEATHER,NOT APPLICABLE,3499,E,89TH ST,424,,,,,,,1,NO INDICATION OF INJURY,0,0,0,0,0,1,0,15,1,10,,,
3b6d23138e3f009e54ae5ef25061e9e96fe44fd0e62afa71574bb0e8dc01a37770b93f081a7b4241b8d7b1869deafdeb6b143c4ac76ec01e61ba8a7d9c1494d4,,12/9/21 10:30,25,TRAFFIC SIGNAL,FUNCTIONING PROPERLY,CLEAR,DAYLIGHT,REAR END,T-INTERSECTION,,STRAIGHT AND LEVEL,DRY,NO DEFECTS,ON SCENE,NO INJURY / DRIVE AWAY,Y,,,"$501 - $1,500",12/9/21 10:35,FOLLOWING TOO CLOSELY,UNABLE TO DETERMINE,850,W,OHARE ST,1654,,,,,,,3,NO INDICATION OF INJURY,0,0,0,0,0,3,0,10,5,12,,,
161ff459c7fff8e1359204d1c54db502674fdfbf7036a921e4f939bbd1cda22d7fbb9b186bacaa543131555188baeb7e13fabf1d5f837febd13c10314ff30cb5,Y,9/20/23 12:57,15,NO CONTROLS,NO CONTROLS,CLEAR,DAYLIGHT,REAR TO SIDE,PARKING LOT,,STRAIGHT AND LEVEL,DRY,NO DEFECTS,NOT ON SCENE (DESK REPORT),NO INJURY / DRIVE AWAY,,,Y,"OVER $1,500",9/20/23 16:00,IMPROPER BACKING,NOT APPLICABLE,8300,S,STONY ISLAND AVE,412,,,,,,,2,NO INDICATION OF INJURY,0,0,0,0,0,2,0,12,4,9,41.74415164,-87.58594507,POINT (-87.585945066953 41.744151639042)
3facd2ed99a27da2f5572605b9434167a6fa7777243e0481380665a1fb795baf659dfe7708c09ef515e707dfcfed73b8ee78930563049f97099a7671dc9d0b53,,9/27/19 18:00,30,NO CONTROLS,NO CONTROLS,RAIN,DUSK,PEDESTRIAN,FOUR WAY,,STRAIGHT AND LEVEL,WET,NO DEFECTS,ON SCENE,INJURY AND / OR TOW DUE TO CRASH,,,,"OVER $1,500",9/27/19 18:00,FAILING TO REDUCE SPEED TO AVOID CRASH,NOT APPLICABLE,2517,S,CALIFORNIA AVE,1034,,,,,,,2,NONINCAPACITATING INJURY,1,0,0,1,0,1,0,18,6,9,,,
c1d7fc960fb09d4a725da4a931e551a71df5e352cb491d0d8254570046cb7f37f4b72c97920031f279488199fdffd836165c23fc810097269c0001551b26f746,,9/13/23 16:40,40,NO CONTROLS,NO CONTROLS,CLEAR,DAYLIGHT,REAR END,DIVIDED - W/MEDIAN BARRIER,,STRAIGHT AND LEVEL,DRY,UNKNOWN,NOT ON SCENE (DESK REPORT),NO INJURY / DRIVE AWAY,,,,$500 OR LESS,9/13/23 17:20,FOLLOWING TOO CLOSELY,UNABLE TO DETERMINE,6800,S,CHICAGO SKYWAY OB,322,,,,,,,2,NO INDICATION OF INJURY,0,0,0,0,0,2,0,16,4,9,,,
1ee2180a89cc02c0b756f95b5b2755bb5cc9d93450f5caafaee5cb5c6aa75adafd251402ac205833ff78be9c9a0eb799f33d9c854975cf3a8e10c6a7d28116c7,,8/9/23 19:55,30,TRAFFIC SIGNAL,FUNCTIONING IMPROPERLY,CLEAR,DAYLIGHT,ANGLE,FOUR WAY,,STRAIGHT AND LEVEL,DRY,NO DEFECTS,ON SCENE,INJURY AND / OR TOW DUE TO CRASH,Y,,,"OVER $1,500",8/9/23 20:00,UNABLE TO DETERMINE,UNABLE TO DETERMINE,7458,S,LAFAYETTE AVE,731,,,,,,,2,NONINCAPACITATING INJURY,5,0,0,5,0,0,0,19,4,8,41.75824551,-87.62652191,POINT (-87.626521907009 41.758245504966)
4a1f7a24129e5e1d4a7a2fd44ab6f8822a20bcdb2f627f490af8975d8c14e9fadf2d7b533a09a7e8c2cc57a4b3563803d7d4eb4db3892337cf233f1f0f154013,,8/13/23 10:10,30,TRAFFIC SIGNAL,FUNCTIONING PROPERLY,CLEAR,DAYLIGHT,REAR END,NOT DIVIDED,,STRAIGHT AND LEVEL,DRY,NO DEFECTS,ON SCENE,NO INJURY / DRIVE AWAY,,,,"OVER $1,500",8/13/23 10:29,UNABLE TO DETERMINE,UNABLE TO DETERMINE,3210,W,FOSTER AVE,1712,,,,,,,3,NO INDICATION OF INJURY,0,0,0,0,0,4,0,10,1,8,41.97585286,-87.70913432,POINT (-87.709134319958 41.975852858025)
4502c89bb17d2a4817c517541350b1470636cc9c29e6fd47190a3399e7ed6d02ed1b3a0330d0332a4aa3c0a3003625a40ab4a4d576149634edba035b98adc95c,,2/19/19 5:30,20,NO CONTROLS,NO CONTROLS,CLEAR,DARKNESS,REAR END,ONE-WAY,2,STRAIGHT AND LEVEL,DRY,NO DEFECTS,NOT ON SCENE (DESK REPORT),NO INJURY / DRIVE AWAY,,,,"$501 - $1,500",2/19/19 6:00,UNABLE TO DETERMINE,UNABLE TO DETERMINE,1,W,TERMINAL ST,1651,,,,,,,2,NO INDICATION OF INJURY,0,0,0,0,0,2,0,5,3,2,,,
39f9bf68f766b70961a951d50a848357a078576778d3825f303eb9b3e656cd39b0659b6edc8b2b67641052f0d5ae502e2109b42876dafada4caed33b04c19eef,,9/6/23 18:45,30,NO CONTROLS,NO CONTROLS,CLEAR,DAYLIGHT,TURNING,DIVIDED - W/MEDIAN (NOT RAISED),,STRAIGHT AND LEVEL,DRY,NO DEFECTS,NOT ON SCENE (DESK REPORT),NO INJURY / DRIVE AWAY,,,,"OVER $1,500",9/6/23 18:45,UNABLE TO DETERMINE,UNABLE TO DETERMINE,1400,W,WEBSTER AVE,1811,,,,,,,2,NO INDICATION OF INJURY,0,0,0,0,0,2,0,18,4,9,41.92172981,-87.6632342,POINT (-87.663234201004 41.921729806985)
456dd9d9bc16f505f93bd2ef89b174348c36dadf1fdc0a77be44e5c89c2e8a89951ae15cc8dced3db2cd3bd7e4c0da27f348cc64db31231202db5cd03ed63bc6,,5/24/21 15:35,20,NO CONTROLS,NO CONTROLS,CLEAR,DAYLIGHT,PARKED MOTOR VEHICLE,NOT DIVIDED,,STRAIGHT AND LEVEL,DRY,NO DEFECTS,NOT ON SCENE (DESK REPORT),NO INJURY / DRIVE AWAY,,,,"OVER $1,500",5/24/21 15:40,UNABLE TO DETERMINE,UNABLE TO DETERMINE,517,W,OHARE ST,1654,,,,,,,2,NO INDICATION OF INJURY,0,0,0,0,0,1,0,15,2,5,,,
4687a6dac6873f8104f79e3979573c088464d3cb38c9174f22e14d9dc0a985f214f864c90721fe8fe4fdfa579c0d0ef3113f1c3d1826ac12677f4b92bdcbd6bf,,11/27/22 15:15,25,NO CONTROLS,NO CONTROLS,CLEAR,DAYLIGHT,FIXED OBJECT,OTHER,,STRAIGHT AND LEVEL,DRY,NO DEFECTS,ON SCENE,INJURY AND / OR TOW DUE TO CRASH,,,,"OVER $1,500",11/27/22 15:25,DRIVING SKILLS/KNOWLEDGE/EXPERIENCE,NOT APPLICABLE,1,W,TERMINAL ST,1651,,,,,,,1,NO INDICATION OF INJURY,0,0,0,0,0,3,0,15,1,11,,,
3afcf76e1a3205a2b95e7f45a2eed16ec18aa5a91cb0f914e097eb0bfb020c898ef94c150d3a1b62f67f5ef9247e22c7f8c6422103302f7394cab2f0aadb025c,,8/19/23 14:55,30,TRAFFIC SIGNAL,FUNCTIONING PROPERLY,CLEAR,DAYLIGHT,REAR END,T-INTERSECTION,,STRAIGHT AND LEVEL,UNKNOWN,UNKNOWN,ON SCENE,NO INJURY / DRIVE AWAY,Y,,,"$501 - $1,500",8/19/23 14:58,DRIVING SKILLS/KNOWLEDGE/EXPERIENCE,NOT APPLICABLE,800,W,GRAND AVE,1214,,Y,,,,,2,NO INDICATION OF INJURY,0,0,0,0,0,3,0,14,7,8,41.89129371,-87.64768059,POINT (-87.647680593026 41.891293712961)
5029e85cd1c328238ba1fb1c19ea8b8cc5614e233132bb04c39d545734ca1f7a4b163e2d371439a1faa0bb6f17b4dfe6d0ea97ddd6bc0187bd479347bc79d7ac,,7/30/23 17:30,30,NO CONTROLS,NO CONTROLS,CLEAR,DAYLIGHT,SIDESWIPE SAME DIRECTION,DIVIDED - W/MEDIAN BARRIER,,STRAIGHT AND LEVEL,DRY,NO DEFECTS,NOT ON SCENE (DESK REPORT),NO INJURY / DRIVE AWAY,,,Y,"OVER $1,500",7/31/23 12:25,IMPROPER LANE USAGE,NOT APPLICABLE,167,N,BESSIE COLEMAN DR,1654,,,,,,,2,NO INDICATION OF INJURY,0,0,0,0,0,2,0,17,1,7,,,
46fa1015e8c466dde2a9a5db8a3b9f6e95e84f2f06638689c46fce9bdbb8bedf2bd7cdf59d7c6cc95fa57f1c33da85c0ececc8415c9b105157d06675f9f367c6,,6/10/19 13:20,20,NO CONTROLS,NO CONTROLS,CLEAR,DAYLIGHT,PARKED MOTOR VEHICLE,OTHER,,STRAIGHT AND LEVEL,DRY,NO DEFECTS,ON SCENE,NO INJURY / DRIVE AWAY,,,Y,"OVER $1,500",6/10/19 13:45,UNABLE TO DETERMINE,NOT APPLICABLE,1,W,TERMINAL ST,1651,,,,,,,2,NO INDICATION OF INJURY,0,0,0,0,0,1,0,13,2,6,,,
5590930e0c8de54aff531280946aebabcdd5ce798a37bba57e348767963ab9972abc4995b39885f423f226e2898df17ffef38424e81ea9cabd20fa22fd10c9c3,,7/30/23 12:30,20,NO CONTROLS,NO CONTROLS,UNKNOWN,UNKNOWN,PARKED MOTOR VEHICLE,NOT DIVIDED,,STRAIGHT AND LEVEL,UNKNOWN,UNKNOWN,NOT ON SCENE (DESK REPORT),NO INJURY / DRIVE AWAY,,,,"OVER $1,500",7/30/23 17:30,UNABLE TO DETERMINE,NOT APPLICABLE,3741,W,FULLERTON AVE,2525,,,,,,,2,NO INDICATION OF INJURY,0,0,0,0,0,1,0,12,1,7,41.92444197,-87.72111194,POINT (-87.721111934959 41.924441970981)
64063a32537af636c3a234b85f6a67ecb159a34af31da51f86961959bce9cec811ae891cdf9c519c462e883749757bf53239ce9e74942d8d1e73cb81ea3dc859,,8/19/23 16:50,30,UNKNOWN,UNKNOWN,UNKNOWN,UNKNOWN,SIDESWIPE SAME DIRECTION,UNKNOWN,,STRAIGHT AND LEVEL,UNKNOWN,UNKNOWN,NOT ON SCENE (DESK REPORT),NO INJURY / DRIVE AWAY,,,Y,"OVER $1,500",8/19/23 17:30,UNABLE TO DETERMINE,NOT APPLICABLE,1100,W,DIVISION ST,1822,,,,,,,2,NO INDICATION OF INJURY,0,0,0,0,0,3,0,16,7,8,41.90363993,-87.65554697,POINT (-87.655546970003 41.903639930952)
8640aa03a86f10df7a8c1dafc03d1551c4a4c0262397f3ab7bccb2b62e75f94132f1f92953d980712fce89d1c374f1a30c239475c880303d9842bba5b8987775,Y,9/6/23 11:00,30,NO CONTROLS,NO CONTROLS,CLEAR,DAYLIGHT,SIDESWIPE SAME DIRECTION,DIVIDED - W/MEDIAN (NOT RAISED),,STRAIGHT AND LEVEL,DRY,NO DEFECTS,ON SCENE,NO INJURY / DRIVE AWAY,,,Y,"OVER $1,500",9/6/23 11:30,DRIVING SKILLS/KNOWLEDGE/EXPERIENCE,UNABLE TO DETERMINE,3120,N,AUSTIN AVE,2511,,,,,,,2,NO INDICATION OF INJURY,0,0,0,0,0,3,0,11,4,9,41.93725217,-87.77632053,POINT (-87.776320528037 41.937252170984)
888daacc1e40bb00d59ceb2a966047f99d067459fe6c908ca9491b41ad630358262c9db07be0284610abc9a5a53e8dbb394dbae1560af76f78e9ddb038190c45,,9/6/23 0:59,30,NO CONTROLS,NO CONTROLS,RAIN,"DARKNESS, LIGHTED ROAD",FIXED OBJECT,NOT DIVIDED,,STRAIGHT AND LEVEL,WET,UNKNOWN,ON SCENE,INJURY AND / OR TOW DUE TO CRASH,N,Y,,"$501 - $1,500",9/6/23 0:59,UNABLE TO DETERMINE,NOT APPLICABLE,1545,W,NORTH AVE,1433,,,,,,,1,NONINCAPACITATING INJURY,2,0,0,2,0,0,0,0,4,9,41.91053001,-87.66705059,POINT (-87.66705058601 41.910530014022)
6571381d9d1940b3f31ea3114fdfcb4b0892f96c7a179e79c178178f6486d9f381119339e7d922c634a5e32b9a78c40ef3ec464df4b136bd589dc5675f56298e,,7/30/23 18:10,45,OTHER WARNING SIGN,FUNCTIONING PROPERLY,CLEAR,DUSK,REAR END,DIVIDED - W/MEDIAN BARRIER,,STRAIGHT AND LEVEL,DRY,NO DEFECTS,ON SCENE,NO INJURY / DRIVE AWAY,,,,"$501 - $1,500",7/30/23 18:15,"VISION OBSCURED (SIGNS, TREE LIMBS, BUILDINGS, ETC.)",DRIVING SKILLS/KNOWLEDGE/EXPERIENCE,8801,S,CHICAGO SKYWAY IB,423,,,,,,,2,NO INDICATION OF INJURY,0,0,0,0,0,4,0,18,1,7,,,
66e6707a6ebdab54f418d9f4a5529f24587be9cf4258107c1b3a5e62317bf170960c5d05c5176c71e8acab60fab1c390c66ebb36c31fc8103ec2430b9d589b36,,7/30/23 21:30,10,NO CONTROLS,NO CONTROLS,CLEAR,"DARKNESS, LIGHTED ROAD",HEAD ON,PARKING LOT,,STRAIGHT AND LEVEL,DRY,NO DEFECTS,ON SCENE,INJURY AND / OR TOW DUE TO CRASH,,Y,,"OVER $1,500",7/30/23 21:31,UNABLE TO DETERMINE,UNABLE TO DETERMINE,1,W,PARKING LOT E ST,1654,,,,,,,2,NO INDICATION OF INJURY,0,0,0,0,0,2,0,21,1,7,,,
4a474e553cbf4d17eeb20981bf2c03572ac566cf1ba3a2577bccd731492c037135ddc516104e12e61c45617644a53353f899c835bebe5148004b6cdd902dac39,,1/30/22 8:45,25,NO CONTROLS,NO CONTROLS,CLEAR,DAYLIGHT,ANGLE,ONE-WAY,,CURVE ON GRADE,SNOW OR SLUSH,DEBRIS ON ROADWAY,ON SCENE,NO INJURY / DRIVE AWAY,,,,"OVER $1,500",1/30/22 8:45,UNABLE TO DETERMINE,WEATHER,3,W,TERMINAL ST,1653,,,,,,,2,NO INDICATION OF INJURY,0,0,0,0,0,2,0,8,1,1,,,
0e1483038d0d666433304ca8202ef6b63a9faf0c1a10f4119e0171d41b0340538033f95f72f00c93418581c0f2b3d8e96842fac6d05af8e006b3111ff6a06927,,9/21/23 16:10,25,NO CONTROLS,NO CONTROLS,RAIN,DAYLIGHT,REAR END,RAMP,,"CURVE, LEVEL",WET,NO DEFECTS,ON SCENE,INJURY AND / OR TOW DUE TO CRASH,,,,"OVER $1,500",9/21/23 16:10,FOLLOWING TOO CLOSELY,NOT APPLICABLE,5,W,TERMINAL ST,1655,,,,,,,2,"REPORTED, NOT EVIDENT",2,0,0,0,2,1,0,16,5,9,,,
9d1c64dec0bde793330324533eac9d8c2dcce168a291dd91bdea25c27b0b5cafeb973eaa24f47e79ded4c8e350bc7b3fa72a58f45eca4f58982d3c3ec3560259,,8/19/23 0:45,25,NO CONTROLS,NO CONTROLS,CLEAR,"DARKNESS, LIGHTED ROAD",FIXED OBJECT,ONE-WAY,,"CURVE, LEVEL",OTHER,OTHER,ON SCENE,INJURY AND / OR TOW DUE TO CRASH,,,,"OVER $1,500",8/19/23 0:52,ROAD ENGINEERING/SURFACE/MARKING DEFECTS,NOT APPLICABLE,98,W,I190 EXPY,1654,,,,,,,1,NO INDICATION OF INJURY,0,0,0,0,0,1,0,0,7,8,,,
4deea774005f687fbb7ec985695647b94663d73de3c63ed326647f95a10b30591f99e86246edbed7eff3a2d52f7ac6e621f01f5be97dfb0f5190d72fd7757eec,,12/20/22 11:45,30,TRAFFIC SIGNAL,FUNCTIONING PROPERLY,CLEAR,DAYLIGHT,REAR TO FRONT,FOUR WAY,,STRAIGHT AND LEVEL,DRY,NO DEFECTS,ON SCENE,NO INJURY / DRIVE AWAY,Y,,,"$501 - $1,500",12/20/22 11:55,IMPROPER BACKING,FAILING TO YIELD RIGHT-OF-WAY,524,W,OHARE ST,1654,,,,,,,2,NO INDICATION OF INJURY,0,0,0,0,0,2,0,11,3,12,,,
4e661d1348b236fc49d6f3299e61098d55a0b9506e8f54d13d223cecb17a203d5c49dd3e2b168ae15509ec4c48c4e6b2c9e5d50c4f14c6c9d41792a45bff0afc,,6/11/19 11:00,30,NO CONTROLS,NO CONTROLS,CLEAR,DUSK,REAR END,ONE-WAY,,STRAIGHT AND LEVEL,DRY,NO DEFECTS,ON SCENE,NO INJURY / DRIVE AWAY,,,,"OVER $1,500",6/11/19 11:30,NOT APPLICABLE,NOT APPLICABLE,1,W,OHARE ST,1651,,,,,,,2,NO INDICATION OF INJURY,0,0,0,0,0,2,0,11,3,6,,,
abef801ced512af26d8865f3a6eb17a26166d268f75cfc0945be37108e71e45369956186a46a8e21ca2def36bb2056979ea56938dd8b86fc1395fb69c877bd9c,,7/30/23 11:58,10,NO CONTROLS,UNKNOWN,CLEAR,DAYLIGHT,SIDESWIPE OPPOSITE DIRECTION,ALLEY,,STRAIGHT AND LEVEL,UNKNOWN,UNKNOWN,,NO INJURY / DRIVE AWAY,,,,"$501 - $1,500",7/30/23 12:30,UNABLE TO DETERMINE,UNABLE TO DETERMINE,5835,S,ROCKWELL ST,824,,,,,,,2,NO INDICATION OF INJURY,0,0,0,0,0,8,0,11,1,7,41.78725918,-87.688593,POINT (-87.688593000961 41.787259180975)
53f6ff25f1e140636dc6368312bb51969f4a672bb30e1c50a7c71bea59925e18344babc3f75fbb30f0b1358738ee24816640021f1ba3f57ea4e529152c2b2e8f,,3/22/19 12:15,15,NO CONTROLS,NO CONTROLS,CLEAR,DAYLIGHT,SIDESWIPE SAME DIRECTION,OTHER,,STRAIGHT AND LEVEL,DRY,NO DEFECTS,ON SCENE,NO INJURY / DRIVE AWAY,,,,"OVER $1,500",3/22/19 12:20,UNABLE TO DETERMINE,UNABLE TO DETERMINE,524,W,OHARE ST,1654,,,,,,,2,NO INDICATION OF INJURY,0,0,0,0,0,2,0,12,6,3,,,
54f5f783c7f29f20e7900998983fa945eb13aba9c2d2eb84a3bfd1afbcbe40eed29edc768314f64858fd78b3ac5597006c91a0c26a6cf70790adbbd23a152061,,3/29/21 14:15,10,NO CONTROLS,NO CONTROLS,CLEAR,DAYLIGHT,PARKED MOTOR VEHICLE,OTHER,,STRAIGHT AND LEVEL,DRY,UNKNOWN,ON SCENE,NO INJURY / DRIVE AWAY,,,,"OVER $1,500",3/29/21 14:20,UNABLE TO DETERMINE,NOT APPLICABLE,516,W,OHARE ST,1654,,,,,,,2,NO INDICATION OF INJURY,0,0,0,0,0,1,0,14,2,3,,,
efbed50970bc9e00e08a187f6d026ede2cd8f1b41e9f0ef0bde88d325f4aa9bf0de6b8c8b2d1f07c8b11abfa13c8bc9dbc75824c7308090a2e6659cf2b470b97,,9/6/23 15:48,30,NO CONTROLS,NO CONTROLS,CLEAR,DAYLIGHT,TURNING,DIVIDED - W/MEDIAN (NOT RAISED),,STRAIGHT AND LEVEL,DRY,NO DEFECTS,ON SCENE,INJURY AND / OR TOW DUE TO CRASH,,,,"OVER $1,500",9/6/23 15:49,IMPROPER TURNING/NO SIGNAL,UNABLE TO DETERMINE,400,W,79TH PL,621,,,,,,,2,INCAPACITATING INJURY,2,0,2,0,0,2,0,15,4,9,41.7499132,-87.63458531,POINT (-87.634585307038 41.749913201957)
569af2dc0eaa9c5a55a01f1d5fd678644c3dd76d586b51f7b87b1b5c6c3cf8700b10a9fea3c98cfc8df295c8b4db1fe28c4209e34e3a021b50c56023c798d1f9,,9/18/21 15:15,30,NO CONTROLS,NO CONTROLS,CLEAR,DAYLIGHT,SIDESWIPE SAME DIRECTION,ONE-WAY,,STRAIGHT AND LEVEL,DRY,UNKNOWN,NOT ON SCENE (DESK REPORT),NO INJURY / DRIVE AWAY,,,,"OVER $1,500",9/18/21 15:40,UNABLE TO DETERMINE,UNABLE TO DETERMINE,1,W,TERMINAL ST,1651,,,,,,,2,NO INDICATION OF INJURY,0,0,0,0,0,2,0,15,7,9,,,